<?xml version="1.0" encoding="UTF-8"?>
<beans xmlns="http://www.springframework.org/schema/beans"
	xmlns:xsi="http://www.w3.org/2001/XMLSchema-instance"
	xsi:schemaLocation="http://www.springframework.org/schema/beans http://www.springframework.org/schema/beans/spring-beans.xsd">
 <!--  
	 <bean id="player1" class="step03.mission.Player">
        <property name="name" value="네이마르" />
        <property name="backNumber" value="10" />
    </bean>
	<bean id="player2" class="step03.mission.Player">
        <property name="name" value="이강인" />
        <property name="backNumber" value="19" />
    </bean>
    <bean id="player3" class="step03.mission.Player">
        <property name="name" value="음바페" />
        <property name="backNumber" value="7" />
    </bean>
    -->
    <bean id="team" class="step03.mission.Team">
        <property name="name" value="psg" />
        <property name="player">
            <list>
               <!--   <ref bean="player1" />
                <ref bean="player2" />
                <ref bean="player3" />-->
            </list>
        </property>
    </bean>
        

</beans>
