<?xml version="1.0" encoding="UTF-8"?>
<beans xmlns="http://www.springframework.org/schema/beans"
	xmlns:xsi="http://www.w3.org/2001/XMLSchema-instance"
	xsi:schemaLocation="http://www.springframework.org/schema/beans http://www.springframework.org/schema/beans/spring-beans.xsd">
	
	<!-- 2단계 : public Engine(String engineCompany, int cc){} 호출 -->
	<bean id="e" class="step01.Engine">
		<constructor-arg name="engineCompany" value="현대" />
		<constructor-arg name="cc" value="1000"/>
	</bean>
	
	<!-- 2단계 : public Engine(String engineCompany, int cc){} 호출 -->
	<bean id="e" class="step01.Engine">
 		<constructor-arg index="1" value="현대" />
		<constructor-arg index="2" value="1000"/>
	</bean>
	<!-- 2단계 : public Car(String engineCompany, int cc){} 호출 -->
	<bean id="e" class="step01.Car">
 		<constructor-arg name="carName" value="그랜져" />
		<constructor-arg name="engine" ref="e"/>
	</bean>
	<!-- 3단계 : property라는 tag로 setXxx() 호출 -->
	<bean id="e5" class="step01.Engine">
		<property name="engineCompany" value="대우" />
		<property name="cc" value="7777" />
	</bean>
	
	<bean id="c2" class="step01.Car">
		<property name="carName" value="소나타" />
		<property name="engine" ref="e5" />
	</bean>
	
</beans>
