<?xml version="1.0" encoding="UTF-8"?>
<beans xmlns="http://www.springframework.org/schema/beans"
	xmlns:xsi="http://www.w3.org/2001/XMLSchema-instance"
	xmlns:aop="http://www.springframework.org/schema/aop"
	xmlns:context="http://www.springframework.org/schema/context"
	xsi:schemaLocation="http://www.springframework.org/schema/beans http://www.springframework.org/schema/beans/spring-beans.xsd
		http://www.springframework.org/schema/aop http://www.springframework.org/schema/aop/spring-aop-4.3.xsd
		http://www.springframework.org/schema/context http://www.springframework.org/schema/context/spring-context-4.3.xsd">

	<!-- biz 와 common 스프링 빈으로 등록 -->
	<bean id="common" class="common.InfoMessage"/>
	<bean id="biz" class="step02.aop.biz.Car"/>
	
	<!-- 공통과 비즈 매핑 -->
	<aop:config>
		<!-- 어떤 biz의 무슨 메서드가 공통 로직을 적용 받을 것인가 설정 -->
		
		<!-- buy() 에만 적용해보자 : biz 타겟 설정 -->
		<aop:pointcut id="bizTarget1"
			expression="execution(* step02.aop.biz.Car.buy*())" />
		
		<aop:aspect ref="common">
			<!-- 타겟 별도 지정 후 ref. -->
			<aop:before method="beforeBiz" 
				pointcut-ref="bizTarget1"/>
				
			<!-- target 함께 지정 : 둘 다 적용 -->
			<aop:after method="afterBiz" 
				pointcut="execution(* step02.aop.biz.Car.buy*())"/>
				
			<!-- public String getMessage() {} -->
			<!-- common : public static void returnPrint(String bizRetrunData) {} -->
			
			<!--
				method : 공통 메소드명
				pointcut : biz target 설정
				returning : biz 메소드가 반환하는 데이터를 받아서 처리하는 공통 메서드 parameter 명
			-->
			<aop:after-returning method="returnPrint"
				pointcut="execution(* step02.aop.biz.Car.getMessage())"
				returning="bizRetrunData" />
				
			<!--  -->
			<aop:after-throwing method="exceptionFilter2" 
			pointcut="execution(* step02.aop.biz.Car.exceptionTest())"
			throwing="e"
			/>	
			
				
			
		</aop:aspect>
		
	</aop:config>

</beans>

<!-- AOP 적용 -->
<!-- 
1. biz, common 둘 다 빈으로 등록
2. biz 메소드가 호출 시 실제 실행 전, 후 공통 로직 매핑
3. 실행
 -->