{
	"folders": {},
	"connections": {
		"mysql8-187da253053-3bc4b389d9c6b5a8": {
			"provider": "mysql",
			"driver": "mysql8",
			"name": "mysql",
			"save-password": true,
			"configuration": {
				"host": "localhost",
				"port": "3306",
				"url": "jdbc:mysql://localhost:3306/",
				"configurationType": "MANUAL",
				"home": "C:\\Program Files\\MySQL\\MySQL Server 8.0",
				"type": "dev",
				"auth-model": "native"
			}
		}
	},
	"connection-types": {
		"dev": {
			"name": "Development",
			"color": "255,255,255",
			"description": "Regular development database",
			"auto-commit": true,
			"confirm-execute": false,
			"confirm-data-change": false,
			"auto-close-transactions": false
		}
	}
}