{"resources":{"00.schema/01.emp_dept_mysql.sql":{"default-datasource":"mysql8-187da253053-3bc4b389d9c6b5a8","default-catalog":"fisa"},"00.schema/02.titanic.sql":{"default-datasource":"mysql8-187da253053-3bc4b389d9c6b5a8","default-catalog":"fisa"},"04.selectGroupFunction.sql":{"default-datasource":"mysql8-187da253053-3bc4b389d9c6b5a8","default-catalog":"fisa"},"05.join_mysql.sql":{"default-datasource":"mysql8-187da253053-3bc4b389d9c6b5a8","default-catalog":"fisa"},"06.subQuery.sql":{"default-datasource":"mysql8-187da253053-3bc4b389d9c6b5a8","default-catalog":"fisa"},"07.DDL_mysql.sql":{"default-datasource":"mysql8-187da253053-3bc4b389d9c6b5a8","default-catalog":"fisa"},"08.DML_mysql.sql":{"default-datasource":"mysql8-187da253053-3bc4b389d9c6b5a8","default-catalog":"fisa"},"09.integrity_mysql.sql":{"default-datasource":"mysql8-187da253053-3bc4b389d9c6b5a8","default-catalog":"fisa"},"10.data분석.sql":{"default-datasource":"mysql8-187da253053-3bc4b389d9c6b5a8","default-catalog":"fisa"}}}